no,name,O,C,E,A,N,AGY,REL,ROL,REF,AUT,SD,ST,HE,AC,PO,SE,CO,TR,BE,UN
1,ディルック,40.0,70.0,30.0,45.0,60.0,70.0,45.0,85.0,70.0,80.0,75.0,55.0,55.0,60.0,50.0,70.0,70.0,55.0,65.0,70.0
2,マーヴィカ,50.0,75.0,75.0,55.0,40.0,80.0,75.0,90.0,60.0,50.0,55.0,50.0,60.0,70.0,60.0,60.0,80.0,65.0,90.0,50.0
3,嘉明,55.0,50.0,75.0,65.0,35.0,65.0,85.0,65.0,50.0,60.0,65.0,65.0,70.0,60.0,50.0,60.0,60.0,55.0,85.0,55.0
4,ディシア,45.0,70.0,55.0,60.0,40.0,65.0,90.0,75.0,60.0,60.0,60.0,50.0,55.0,55.0,45.0,80.0,60.0,50.0,90.0,60.0
5,辛炎,80.0,70.0,70.0,50.0,45.0,65.0,65.0,55.0,65.0,70.0,90.0,70.0,70.0,60.0,45.0,55.0,35.0,35.0,60.0,55.0
6,ベネット,55.0,65.0,75.0,80.0,40.0,70.0,80.0,80.0,55.0,50.0,50.0,65.0,75.0,60.0,50.0,40.0,65.0,50.0,80.0,50.0
7,胡桃,90.0,60.0,75.0,60.0,40.0,60.0,60.0,70.0,70.0,70.0,85.0,65.0,70.0,55.0,45.0,55.0,70.0,70.0,55.0,50.0
8,香菱,70.0,70.0,85.0,75.0,35.0,75.0,70.0,70.0,70.0,55.0,70.0,85.0,70.0,60.0,45.0,45.0,45.0,55.0,55.0,50.0
9,トーマ,50.0,65.0,60.0,80.0,40.0,60.0,90.0,90.0,55.0,45.0,45.0,45.0,60.0,40.0,55.0,55.0,90.0,55.0,90.0,55.0
10,シュヴルーズ,50.0,80.0,55.0,65.0,40.0,70.0,65.0,100.0,65.0,50.0,50.0,50.0,45.0,70.0,50.0,70.0,80.0,55.0,60.0,70.0
11,アルレッキーノ,60.0,80.0,45.0,40.0,35.0,75.0,40.0,85.0,70.0,70.0,75.0,50.0,50.0,65.0,60.0,70.0,55.0,55.0,60.0,40.0
12,ニコ,80.0,60.0,30.0,60.0,40.0,50.0,50.0,55.0,90.0,75.0,95.0,50.0,55.0,50.0,60.0,55.0,50.0,60.0,50.0,60.0
13,煙緋,65.0,85.0,50.0,45.0,50.0,60.0,55.0,70.0,80.0,65.0,80.0,50.0,50.0,55.0,50.0,60.0,50.0,50.0,55.0,70.0
14,クレー,80.0,40.0,90.0,75.0,35.0,65.0,75.0,45.0,60.0,60.0,75.0,90.0,75.0,55.0,50.0,50.0,45.0,50.0,60.0,55.0
15,リネ,80.0,75.0,40.0,60.0,55.0,70.0,70.0,75.0,70.0,60.0,70.0,70.0,60.0,65.0,45.0,60.0,45.0,55.0,85.0,60.0
16,アンバー,55.0,60.0,75.0,75.0,30.0,75.0,85.0,70.0,55.0,55.0,55.0,70.0,70.0,55.0,50.0,45.0,65.0,60.0,80.0,60.0
17,宵宮,75.0,50.0,80.0,75.0,35.0,60.0,80.0,60.0,60.0,50.0,80.0,70.0,75.0,50.0,50.0,55.0,60.0,70.0,85.0,60.0
18,ドゥリン,70.0,45.0,25.0,75.0,70.0,30.0,65.0,55.0,65.0,65.0,70.0,55.0,55.0,55.0,45.0,70.0,55.0,50.0,70.0,60.0
19,フリーナ,85.0,50.0,70.0,65.0,70.0,60.0,85.0,75.0,70.0,55.0,65.0,60.0,70.0,65.0,35.0,70.0,65.0,55.0,80.0,65.0
20,ニィロウ,70.0,45.0,60.0,75.0,35.0,60.0,90.0,55.0,55.0,55.0,65.0,55.0,70.0,60.0,50.0,55.0,55.0,50.0,85.0,60.0
21,神里綾人,60.0,85.0,45.0,45.0,35.0,60.0,40.0,80.0,70.0,60.0,70.0,45.0,45.0,70.0,55.0,65.0,60.0,55.0,50.0,50.0
22,行秋,70.0,75.0,55.0,55.0,40.0,50.0,55.0,80.0,80.0,70.0,90.0,65.0,65.0,50.0,50.0,60.0,60.0,55.0,55.0,75.0
23,タルタリヤ,70.0,65.0,85.0,50.0,30.0,90.0,70.0,75.0,55.0,75.0,80.0,100.0,85.0,95.0,85.0,30.0,55.0,40.0,90.0,30.0
24,夜蘭,70.0,65.0,55.0,45.0,40.0,65.0,40.0,70.0,85.0,65.0,80.0,50.0,50.0,70.0,55.0,65.0,55.0,55.0,50.0,50.0
25,シグウィン,60.0,75.0,45.0,70.0,45.0,50.0,90.0,80.0,60.0,50.0,55.0,55.0,50.0,45.0,55.0,55.0,70.0,55.0,95.0,80.0
26,モナ,85.0,55.0,55.0,45.0,60.0,55.0,45.0,60.0,85.0,75.0,85.0,55.0,45.0,60.0,50.0,55.0,55.0,60.0,55.0,60.0
27,珊瑚宮心海,70.0,80.0,40.0,65.0,60.0,65.0,65.0,85.0,75.0,55.0,70.0,45.0,55.0,65.0,60.0,65.0,75.0,55.0,75.0,55.0
28,ヌヴィレット,70.0,85.0,35.0,75.0,35.0,55.0,65.0,90.0,70.0,60.0,50.0,50.0,40.0,55.0,55.0,60.0,70.0,55.0,60.0,80.0
29,コロンビーナ,80.0,40.0,20.0,55.0,45.0,35.0,50.0,55.0,65.0,90.0,80.0,50.0,55.0,50.0,50.0,55.0,50.0,60.0,65.0,65.0
30,ムアラニ,75.0,45.0,85.0,75.0,25.0,65.0,85.0,60.0,55.0,60.0,60.0,85.0,85.0,50.0,50.0,45.0,50.0,50.0,70.0,45.0
31,バーバラ,55.0,60.0,60.0,80.0,50.0,55.0,90.0,75.0,60.0,55.0,50.0,55.0,65.0,55.0,50.0,45.0,65.0,50.0,95.0,70.0
32,アイノ,85.0,55.0,65.0,65.0,35.0,60.0,65.0,60.0,85.0,50.0,85.0,75.0,75.0,60.0,55.0,55.0,55.0,60.0,55.0,55.0
33,ダリア,75.0,50.0,75.0,75.0,30.0,60.0,95.0,50.0,60.0,50.0,50.0,55.0,65.0,60.0,45.0,55.0,70.0,70.0,80.0,65.0
34,キャンディス,45.0,75.0,45.0,65.0,35.0,55.0,65.0,100.0,50.0,60.0,50.0,55.0,45.0,55.0,50.0,65.0,80.0,80.0,80.0,50.0
35,オデット,60.0,85.0,35.0,60.0,60.0,60.0,50.0,85.0,70.0,75.0,70.0,40.0,25.0,85.0,25.0,50.0,45.0,75.0,70.0,60.0
36,神里綾華,60.0,85.0,40.0,60.0,60.0,50.0,65.0,95.0,60.0,60.0,50.0,50.0,50.0,50.0,45.0,60.0,85.0,80.0,75.0,60.0
37,スカーク,55.0,75.0,25.0,40.0,55.0,50.0,30.0,75.0,60.0,90.0,75.0,50.0,45.0,50.0,50.0,70.0,55.0,45.0,45.0,50.0
38,七七,50.0,75.0,20.0,50.0,55.0,40.0,45.0,75.0,65.0,70.0,65.0,40.0,40.0,50.0,40.0,80.0,65.0,60.0,65.0,50.0
39,レイラ,70.0,55.0,30.0,65.0,65.0,35.0,55.0,65.0,80.0,65.0,80.0,50.0,55.0,55.0,50.0,65.0,55.0,50.0,55.0,55.0
40,ガイア,75.0,60.0,65.0,55.0,40.0,70.0,60.0,50.0,85.0,70.0,80.0,65.0,70.0,60.0,55.0,55.0,45.0,50.0,60.0,50.0
41,申鶴,55.0,65.0,20.0,40.0,65.0,45.0,35.0,75.0,55.0,85.0,70.0,50.0,45.0,50.0,50.0,65.0,45.0,50.0,60.0,50.0
42,ロサリア,60.0,75.0,30.0,40.0,60.0,45.0,35.0,65.0,65.0,85.0,80.0,50.0,45.0,55.0,50.0,70.0,40.0,35.0,60.0,45.0
43,ミカ,55.0,75.0,40.0,85.0,40.0,40.0,65.0,95.0,70.0,60.0,65.0,55.0,55.0,55.0,50.0,65.0,85.0,55.0,55.0,55.0
44,エスコフィエ,75.0,85.0,55.0,60.0,40.0,65.0,45.0,85.0,90.0,55.0,65.0,60.0,50.0,85.0,60.0,55.0,70.0,55.0,50.0,60.0
45,ローエン,70.0,80.0,60.0,45.0,35.0,70.0,45.0,65.0,75.0,75.0,75.0,55.0,50.0,70.0,55.0,75.0,45.0,45.0,50.0,45.0
46,甘雨,50.0,80.0,30.0,70.0,60.0,45.0,60.0,90.0,55.0,60.0,50.0,55.0,45.0,50.0,45.0,70.0,85.0,75.0,75.0,50.0
47,ディオナ,45.0,75.0,50.0,60.0,40.0,65.0,90.0,70.0,60.0,70.0,65.0,60.0,70.0,55.0,45.0,60.0,50.0,40.0,90.0,55.0
48,アーロイ,65.0,70.0,35.0,50.0,45.0,55.0,45.0,85.0,65.0,80.0,80.0,65.0,50.0,50.0,50.0,70.0,50.0,50.0,65.0,70.0
49,リオセスリ,60.0,80.0,40.0,60.0,40.0,70.0,65.0,80.0,75.0,55.0,55.0,50.0,40.0,70.0,50.0,65.0,60.0,50.0,75.0,70.0
50,シャルロット,80.0,60.0,80.0,65.0,35.0,65.0,70.0,70.0,80.0,60.0,70.0,60.0,60.0,65.0,55.0,55.0,55.0,50.0,55.0,70.0
51,シトラリ,85.0,55.0,20.0,60.0,50.0,45.0,50.0,55.0,85.0,85.0,85.0,50.0,55.0,45.0,50.0,60.0,45.0,75.0,50.0,60.0
52,アリョーシャ,60.0,80.0,35.0,60.0,55.0,65.0,60.0,80.0,65.0,75.0,65.0,55.0,40.0,45.0,20.0,75.0,40.0,45.0,80.0,85.0
53,刻晴,65.0,80.0,60.0,50.0,45.0,75.0,40.0,85.0,65.0,65.0,75.0,55.0,50.0,80.0,60.0,65.0,60.0,50.0,50.0,60.0
54,クロリンデ,55.0,75.0,35.0,40.0,50.0,50.0,50.0,95.0,65.0,65.0,65.0,50.0,50.0,60.0,45.0,70.0,75.0,55.0,65.0,70.0
55,久岐忍,60.0,80.0,55.0,55.0,40.0,60.0,55.0,85.0,70.0,65.0,70.0,55.0,50.0,65.0,50.0,60.0,75.0,55.0,60.0,50.0
56,雷電将軍,55.0,95.0,35.0,40.0,50.0,60.0,45.0,100.0,65.0,70.0,60.0,50.0,50.0,60.0,55.0,90.0,85.0,75.0,50.0,50.0
57,セノ,60.0,90.0,45.0,55.0,35.0,65.0,45.0,100.0,70.0,55.0,60.0,50.0,45.0,65.0,55.0,60.0,90.0,75.0,55.0,70.0
58,イアンサ,55.0,65.0,80.0,70.0,30.0,70.0,80.0,75.0,55.0,55.0,50.0,60.0,60.0,70.0,55.0,50.0,65.0,45.0,80.0,55.0
59,フィッシュル,85.0,50.0,45.0,45.0,55.0,50.0,55.0,65.0,70.0,75.0,85.0,60.0,60.0,55.0,45.0,60.0,55.0,50.0,60.0,50.0
60,九条裟羅,45.0,90.0,45.0,45.0,40.0,65.0,60.0,100.0,55.0,55.0,55.0,55.0,50.0,65.0,55.0,70.0,95.0,80.0,70.0,50.0
61,オロルン,55.0,70.0,35.0,65.0,50.0,45.0,60.0,75.0,65.0,80.0,70.0,55.0,50.0,50.0,30.0,60.0,50.0,65.0,85.0,75.0
62,セトス,80.0,65.0,70.0,65.0,30.0,70.0,70.0,80.0,70.0,55.0,70.0,65.0,65.0,50.0,45.0,50.0,60.0,70.0,60.0,60.0
63,八重神子,85.0,60.0,70.0,55.0,40.0,65.0,60.0,50.0,85.0,75.0,80.0,55.0,70.0,60.0,55.0,45.0,45.0,60.0,60.0,55.0
64,リサ,85.0,55.0,55.0,60.0,30.0,50.0,55.0,55.0,75.0,80.0,80.0,50.0,75.0,40.0,30.0,55.0,35.0,45.0,60.0,60.0
65,ヴァレサ,55.0,80.0,70.0,70.0,30.0,70.0,80.0,70.0,60.0,55.0,55.0,60.0,75.0,65.0,55.0,60.0,55.0,50.0,80.0,55.0
66,レザー,45.0,60.0,30.0,75.0,50.0,50.0,80.0,90.0,20.0,70.0,45.0,40.0,65.0,55.0,20.0,80.0,55.0,60.0,90.0,45.0
67,北斗,55.0,55.0,75.0,55.0,30.0,85.0,75.0,80.0,50.0,70.0,70.0,65.0,60.0,60.0,55.0,55.0,55.0,55.0,75.0,50.0
68,ドリー,70.0,70.0,80.0,45.0,50.0,85.0,65.0,75.0,85.0,75.0,80.0,70.0,75.0,90.0,70.0,80.0,35.0,40.0,70.0,45.0
69,楓原万葉,85.0,50.0,40.0,70.0,45.0,50.0,55.0,55.0,70.0,85.0,95.0,85.0,60.0,50.0,30.0,50.0,60.0,40.0,75.0,60.0
70,ジン,50.0,80.0,50.0,70.0,50.0,60.0,75.0,90.0,55.0,50.0,45.0,55.0,50.0,65.0,55.0,80.0,90.0,55.0,85.0,50.0
71,リネット,50.0,70.0,20.0,50.0,60.0,50.0,50.0,70.0,65.0,70.0,70.0,40.0,45.0,45.0,30.0,80.0,55.0,45.0,80.0,45.0
72,ファルカ,70.0,75.0,85.0,65.0,30.0,80.0,65.0,75.0,60.0,65.0,65.0,65.0,55.0,65.0,55.0,40.0,60.0,50.0,60.0,45.0
73,早柚,60.0,45.0,20.0,60.0,65.0,25.0,60.0,65.0,50.0,90.0,75.0,55.0,65.0,55.0,45.0,75.0,60.0,55.0,70.0,55.0
74,ウェンティ,85.0,35.0,70.0,70.0,45.0,55.0,70.0,40.0,65.0,75.0,85.0,80.0,75.0,50.0,50.0,55.0,35.0,40.0,70.0,60.0
75,チャスカ,65.0,70.0,50.0,70.0,35.0,65.0,80.0,80.0,70.0,55.0,55.0,55.0,45.0,70.0,60.0,70.0,70.0,50.0,80.0,70.0
76,ファルザン,75.0,65.0,55.0,60.0,35.0,65.0,65.0,80.0,75.0,65.0,80.0,50.0,55.0,65.0,50.0,55.0,60.0,70.0,60.0,65.0
77,ヤフォダ,80.0,60.0,90.0,65.0,35.0,80.0,80.0,65.0,70.0,55.0,65.0,60.0,75.0,75.0,65.0,50.0,60.0,50.0,65.0,50.0
78,スクロース,85.0,60.0,35.0,60.0,50.0,40.0,45.0,60.0,85.0,65.0,85.0,65.0,50.0,55.0,50.0,60.0,60.0,50.0,50.0,55.0
79,放浪者,75.0,50.0,35.0,35.0,65.0,50.0,30.0,50.0,65.0,95.0,95.0,55.0,50.0,50.0,45.0,65.0,30.0,35.0,50.0,45.0
80,閑雲,85.0,70.0,45.0,55.0,40.0,55.0,70.0,75.0,80.0,55.0,70.0,55.0,60.0,75.0,50.0,65.0,55.0,75.0,75.0,65.0
81,藍硯,80.0,60.0,50.0,55.0,35.0,45.0,70.0,75.0,70.0,70.0,70.0,50.0,55.0,60.0,45.0,60.0,55.0,75.0,80.0,60.0
82,鹿野院平蔵,85.0,45.0,60.0,60.0,45.0,55.0,60.0,45.0,80.0,70.0,85.0,65.0,60.0,55.0,50.0,55.0,45.0,45.0,60.0,70.0
83,夢見月瑞希,70.0,70.0,50.0,80.0,50.0,50.0,80.0,80.0,60.0,55.0,45.0,50.0,55.0,65.0,50.0,55.0,65.0,60.0,85.0,70.0
84,イファ,65.0,45.0,60.0,80.0,40.0,60.0,100.0,60.0,45.0,60.0,55.0,55.0,75.0,50.0,45.0,50.0,55.0,55.0,95.0,75.0
85,プルーネ,70.0,80.0,70.0,55.0,45.0,70.0,55.0,80.0,70.0,65.0,75.0,55.0,50.0,80.0,55.0,55.0,50.0,50.0,50.0,65.0
86,鍾離,75.0,75.0,30.0,60.0,30.0,55.0,55.0,80.0,70.0,65.0,65.0,50.0,45.0,45.0,50.0,70.0,70.0,70.0,65.0,55.0
87,イルーガ,45.0,80.0,40.0,65.0,35.0,50.0,65.0,90.0,60.0,55.0,45.0,55.0,55.0,55.0,50.0,70.0,80.0,55.0,85.0,45.0
88,カチーナ,50.0,65.0,50.0,75.0,40.0,45.0,75.0,80.0,50.0,55.0,55.0,50.0,55.0,65.0,40.0,65.0,75.0,50.0,80.0,55.0
89,雲菫,70.0,80.0,70.0,70.0,30.0,65.0,70.0,80.0,70.0,55.0,75.0,65.0,70.0,60.0,45.0,55.0,65.0,70.0,55.0,45.0
90,ナヴィア,55.0,65.0,75.0,70.0,45.0,70.0,85.0,80.0,55.0,50.0,50.0,50.0,55.0,65.0,55.0,65.0,55.0,50.0,95.0,60.0
91,荒瀧一斗,60.0,50.0,90.0,70.0,25.0,85.0,75.0,70.0,45.0,50.0,50.0,65.0,70.0,70.0,60.0,50.0,55.0,50.0,80.0,50.0
92,ノエル,45.0,80.0,50.0,80.0,45.0,55.0,75.0,90.0,55.0,45.0,45.0,50.0,55.0,75.0,55.0,65.0,85.0,55.0,75.0,50.0
93,アルベド,80.0,75.0,40.0,55.0,50.0,50.0,40.0,60.0,90.0,70.0,90.0,65.0,55.0,45.0,50.0,55.0,60.0,55.0,50.0,75.0
94,茲白,85.0,65.0,35.0,60.0,30.0,50.0,60.0,75.0,70.0,80.0,75.0,70.0,50.0,50.0,45.0,55.0,50.0,75.0,65.0,55.0
95,千織,85.0,75.0,60.0,50.0,35.0,65.0,50.0,65.0,80.0,60.0,85.0,55.0,40.0,85.0,65.0,65.0,40.0,55.0,50.0,50.0
96,シロネン,70.0,75.0,60.0,65.0,30.0,55.0,60.0,75.0,75.0,65.0,70.0,50.0,55.0,70.0,55.0,60.0,55.0,55.0,50.0,50.0
97,ゴロー,45.0,70.0,55.0,70.0,45.0,65.0,75.0,90.0,60.0,55.0,45.0,55.0,50.0,55.0,55.0,70.0,80.0,55.0,90.0,65.0
98,リンネア,80.0,80.0,55.0,60.0,35.0,70.0,55.0,65.0,80.0,75.0,90.0,90.0,60.0,45.0,50.0,45.0,45.0,50.0,50.0,60.0
99,凝光,70.0,90.0,65.0,50.0,30.0,85.0,55.0,85.0,85.0,55.0,60.0,55.0,55.0,95.0,75.0,60.0,65.0,50.0,50.0,55.0
100,ナヒーダ,85.0,60.0,45.0,75.0,45.0,55.0,65.0,75.0,75.0,55.0,70.0,60.0,55.0,60.0,55.0,55.0,80.0,55.0,80.0,60.0
101,白朮,65.0,75.0,45.0,75.0,45.0,55.0,75.0,75.0,75.0,60.0,85.0,50.0,60.0,70.0,50.0,50.0,45.0,50.0,75.0,75.0
102,ラウマ,65.0,65.0,45.0,80.0,40.0,45.0,90.0,80.0,55.0,55.0,50.0,50.0,55.0,50.0,50.0,65.0,65.0,85.0,95.0,70.0
103,ネフェル,75.0,85.0,60.0,55.0,35.0,60.0,45.0,65.0,85.0,70.0,75.0,50.0,55.0,80.0,65.0,60.0,40.0,55.0,50.0,50.0
104,ティナリ,70.0,80.0,45.0,55.0,45.0,60.0,70.0,80.0,75.0,55.0,65.0,55.0,50.0,70.0,50.0,60.0,70.0,55.0,65.0,75.0
105,コレイ,70.0,55.0,55.0,80.0,45.0,50.0,80.0,80.0,55.0,60.0,50.0,55.0,60.0,65.0,45.0,65.0,70.0,55.0,75.0,65.0
106,アルハイゼン,85.0,65.0,25.0,35.0,40.0,50.0,45.0,50.0,90.0,85.0,85.0,45.0,70.0,65.0,25.0,75.0,45.0,50.0,40.0,55.0
107,綺良々,70.0,50.0,60.0,75.0,30.0,60.0,90.0,80.0,50.0,55.0,55.0,70.0,70.0,55.0,50.0,50.0,75.0,60.0,85.0,50.0
108,カーヴェ,80.0,45.0,55.0,80.0,55.0,50.0,80.0,55.0,70.0,60.0,80.0,65.0,65.0,45.0,45.0,65.0,50.0,50.0,80.0,70.0
109,キィニチ,60.0,70.0,45.0,70.0,35.0,50.0,50.0,80.0,70.0,70.0,70.0,50.0,50.0,70.0,50.0,70.0,60.0,50.0,55.0,50.0
110,エミリエ,75.0,70.0,45.0,60.0,40.0,55.0,60.0,70.0,90.0,70.0,70.0,60.0,50.0,70.0,55.0,55.0,55.0,50.0,60.0,70.0
111,ヨォーヨ,65.0,55.0,60.0,70.0,30.0,55.0,90.0,80.0,55.0,45.0,45.0,50.0,45.0,55.0,45.0,60.0,80.0,80.0,95.0,60.0
112,サンドローネ,85.0,85.0,35.0,40.0,40.0,45.0,40.0,60.0,85.0,65.0,80.0,60.0,50.0,75.0,50.0,40.0,50.0,60.0,50.0,55.0
113,魈,50.0,75.0,15.0,45.0,60.0,40.0,50.0,90.0,55.0,65.0,60.0,55.0,50.0,50.0,50.0,70.0,70.0,55.0,65.0,50.0
114,エウルア,55.0,70.0,40.0,55.0,40.0,55.0,50.0,85.0,55.0,75.0,75.0,55.0,55.0,55.0,45.0,70.0,50.0,45.0,65.0,50.0
115,重雲,45.0,80.0,30.0,75.0,60.0,50.0,65.0,85.0,60.0,60.0,55.0,35.0,40.0,60.0,30.0,80.0,80.0,80.0,65.0,65.0
116,フレミネ,65.0,60.0,25.0,70.0,55.0,40.0,50.0,80.0,60.0,70.0,55.0,50.0,50.0,60.0,45.0,65.0,65.0,55.0,65.0,60.0
117,フリンズ,50.0,80.0,25.0,60.0,35.0,50.0,55.0,80.0,55.0,65.0,70.0,50.0,50.0,50.0,55.0,65.0,60.0,55.0,75.0,60.0
118,イネファ,60.0,75.0,60.0,75.0,35.0,55.0,70.0,80.0,70.0,60.0,80.0,55.0,45.0,55.0,55.0,55.0,70.0,55.0,70.0,70.0
